control_number,contract_number,description,vendor_source_label,vendor_name,vendor_registration_id,vendor_identity_scheme,vendor_identity_state,obligation_amount,awarding_agency,fiscal_year,emergency_programme_code,emergency_programme,first_seen_at
26-ASG-AAA-0033,26-00032,"Manejo y control de tráfico, suplido e instalación de torre de inspeción y monitoreo por 122 dias",Caribbean Composting Inc. (4381),Caribbean Composting Inc.,4381,asg_licitador_id,SOURCE_NATIVE_ASG_LICITADOR_ID,"$47,200.00",DRNA,2026,AAA,,2026-10-04
26-ASG-AAA-0031,26-00030,"Cisternas de 2,000 galones","ALL GREEN CLEANING & MAINTENANCE, LLC (13947)","ALL GREEN CLEANING & MAINTENANCE, LLC",13947,asg_licitador_id,SOURCE_NATIVE_ASG_LICITADOR_ID,"$20,624.40",DRD,2026,AAA,,2026-10-04
26-ASG-AAA-0030,26-00029,Alimentos EOC,Almacen El Ahorro LLC (25833),Almacen El Ahorro LLC,25833,asg_licitador_id,SOURCE_NATIVE_ASG_LICITADOR_ID,"$9,558.75",DSP / NMEAD,2026,AAA,,2026-10-04
26-ASG-AAA-0029,26-00027,montacarga,Teselta LLC (303),Teselta LLC,303,asg_licitador_id,SOURCE_NATIVE_ASG_LICITADOR_ID,"$111,990.00",DSP / NMEAD,2026,AAA,,2026-10-04
26-ASG-AAA-0028,26-00031,"Camiones cisterna de 2000, 2500 y 6500 galones",Sonnell Truck Center LLC (23388),Sonnell Truck Center LLC,23388,asg_licitador_id,SOURCE_NATIVE_ASG_LICITADOR_ID,"$1,744,085.00",DSP / NMEAD,2026,AAA,,2026-10-04
26-ASG-AAA-0027,26-00028,Agua embotellada purificada mediante osmosis reversible y entrega,Mendez & Co. (437),Mendez & Co.,437,asg_licitador_id,SOURCE_NATIVE_ASG_LICITADOR_ID,"$71,003.52",DSP / NMEAD,2026,AAA,,2026-10-04
26-ASG-AAA-0025,26-00026,Agua embotellada purificada mediante osmosis reversible,La Casa del Camionero (10329),La Casa del Camionero,10329,asg_licitador_id,SOURCE_NATIVE_ASG_LICITADOR_ID,"$43,040.80",DSP / NMEAD,2026,AAA,,2026-10-04
26-ASG-AAA-0024,26-00025,Cajas de agua embotellada 24/16.9 onz,La Casa del Camionero (10329),La Casa del Camionero,10329,asg_licitador_id,SOURCE_NATIVE_ASG_LICITADOR_ID,"$180,096.00",DSP / NMEAD,2026,AAA,,2026-10-04
26-ASG-AAA-0017,26-00017,Montacargas,Teselta LLC (303),Teselta LLC,303,asg_licitador_id,SOURCE_NATIVE_ASG_LICITADOR_ID,"$75,190.00",DSP / NMEAD,2026,AAA,,2026-10-04
26-ASG-AAA-0016,26-00016,Acarreo de agua,Duenas Leasing LLC (56227),Duenas Leasing LLC,56227,asg_licitador_id,SOURCE_NATIVE_ASG_LICITADOR_ID,"$1,274,625.00",Compañía de Turismo de Puerto Rico,2026,AAA,,2026-10-04
26-ASG-AAA-0014,26-00014,Agua Embotellada y entrega,La Casa del Camionero (10329),La Casa del Camionero,10329,asg_licitador_id,SOURCE_NATIVE_ASG_LICITADOR_ID,"$67,536.00",DSP / NMEAD,2026,AAA,,2026-10-04
26-ASG-AAA-0011,26-00011,Camiones de carga general,Autos Vega Inc. (1174),Autos Vega Inc.,1174,asg_licitador_id,SOURCE_NATIVE_ASG_LICITADOR_ID,"$278,050.00",DSP / NMEAD,2026,AAA,,2026-10-04
26-ASG-AAA-0010,26-00010,Adquisicion de agua embotellada,A1 Generator Services Incorporated (28546),A1 Generator Services Incorporated,28546,asg_licitador_id,SOURCE_NATIVE_ASG_LICITADOR_ID,"$58,401.00",DSP / NMEAD,2026,AAA,,2026-10-04
26-ASG-AAA-0009,26-00009,Adquisicion de agua embotellada,A1 Generator Services Incorporated (28546),A1 Generator Services Incorporated,28546,asg_licitador_id,SOURCE_NATIVE_ASG_LICITADOR_ID,"$136,500.00",DSP / NMEAD,2026,AAA,,2026-10-04
26-ASG-AAA-0008,26-00008,Acarreo de agua,Duenas Leasing LLC (56227),Duenas Leasing LLC,56227,asg_licitador_id,SOURCE_NATIVE_ASG_LICITADOR_ID,"$199,800.00",Compañía de Turismo de Puerto Rico,2026,AAA,,2026-10-04
26-ASG-AAA-0007,26-00007,Agua Embotellada y entrega,"La Casa del Camionero, Inc. (10329)","La Casa del Camionero, Inc.",10329,asg_licitador_id,SOURCE_NATIVE_ASG_LICITADOR_ID,"$7,236.00",DSP / NMEAD,2026,AAA,,2026-10-04
26-ASG-AAA-0005,26-00005,Acarreo de agua,A1 Generator Services Incorporated (28546),A1 Generator Services Incorporated,28546,asg_licitador_id,SOURCE_NATIVE_ASG_LICITADOR_ID,"$48,900.00",DSP / NMEAD,2026,AAA,,2026-10-04
26-ASG-AAA-0004,26-00004,Reparación de camion cisterna (FEMA) y acarreo,A1 Generator Services Incorporated (28546),A1 Generator Services Incorporated,28546,asg_licitador_id,SOURCE_NATIVE_ASG_LICITADOR_ID,"$28,053.35",DSP / NMEAD,2026,AAA,,2026-10-04
26-ASG-AAA-0003,26-00003,Acarreo de agua,A1 Generator Services Incorporated (28546),A1 Generator Services Incorporated,28546,asg_licitador_id,SOURCE_NATIVE_ASG_LICITADOR_ID,"$3,125.00",DSP / NMEAD,2026,AAA,,2026-10-04
26-ASG-AAA-0002,26-00002,Acarreo de agua,A1 Generator Services Incorporated (28546),A1 Generator Services Incorporated,28546,asg_licitador_id,SOURCE_NATIVE_ASG_LICITADOR_ID,"$10,075.00",DSP / NMEAD,2026,AAA,,2026-10-04
26-ASG-AAA-0001,26-00001,Acarreo de agua,A1 Generator Services Incorporated (28546),A1 Generator Services Incorporated,28546,asg_licitador_id,SOURCE_NATIVE_ASG_LICITADOR_ID,"$8,575.00",DSP / NMEAD,2026,AAA,,2026-10-04
