source_record_id,record_type,zone_number_raw,approved_date_raw,grantee_raw,location_raw,zone_status_raw,port_of_entry_raw,activation_limit_raw,total_activated_acres_raw,site_number_raw,site_name_raw,site_status_raw,activated_acres_raw,sunset_expiration_lapse_date_raw,source_detail_id,source_url,retrieved_at_utc,geo_municipality_code,geo_municipality_name,geo_county_fips,geo_zip,geo_lat,geo_lon,geo_attribution_source,geo_attribution_confidence
53681671e7d380981607538621f8f81da41f783678bf91eb7c10065786eb9c49,zone,007,06/27/1960,Puerto Rico Industrial Development Company,Mayaguez,Active,"PR, San Juan",2000,263.6,,,,,,103,https://ofis.trade.gov/Zones/Details/103,2026-08-26T15:58:42+00:00,,,,,,,,unknown
b188f4a50b82f62f7c7720c8cfae4c68059ca053af0a1f20a1afd1dc3292522f,site,007,06/27/1960,Puerto Rico Industrial Development Company,Mayaguez,Active,"PR, San Juan",2000,263.6,002,Eastern Portion of Island,Active,37.5752,,103,https://ofis.trade.gov/Zones/Details/103,2026-08-26T15:58:42+00:00,,,,,,,,unknown
46f400a457e304fa2a2ee62f3ee1cfbc68827ef2abe3e512d0e391648539b210,site,007,06/27/1960,Puerto Rico Industrial Development Company,Mayaguez,Active,"PR, San Juan",2000,263.6,003,Northern Portion of Island,Active,4.2518,,103,https://ofis.trade.gov/Zones/Details/103,2026-08-26T15:58:42+00:00,,,,,,,,unknown
b88ae3d590e60474170bef9dd539dbdc2f909a7a1d6ce6539722443b20e234c9,site,007,06/27/1960,Puerto Rico Industrial Development Company,Mayaguez,Active,"PR, San Juan",2000,263.6,004,Southwestern/Eastern Portions of the Island,Active,20.422,,103,https://ofis.trade.gov/Zones/Details/103,2026-08-26T15:58:42+00:00,,,,,,,,unknown
576ef221797c7760e26421b0963b2c99f1e44cd0a76e58a5c0c3edaa4d1d8456,site,007,06/27/1960,Puerto Rico Industrial Development Company,Mayaguez,Active,"PR, San Juan",2000,263.6,005,Central/Southwestern Portions of the Island,Active,16.4188,,103,https://ofis.trade.gov/Zones/Details/103,2026-08-26T15:58:42+00:00,,,,,,,,unknown
721733971888d8b96789abb7a2174401a5fa4654a83f88fe130d3fb2a35e459e,site,007,06/27/1960,Puerto Rico Industrial Development Company,Mayaguez,Active,"PR, San Juan",2000,263.6,006,Amelia Industrial Park,Active,1.54,,103,https://ofis.trade.gov/Zones/Details/103,2026-08-26T15:58:42+00:00,,,,,,,,unknown
8bb2247d9329cc5305b2c7425721a9475f555beee3b3bd3798998d1d0aa0a072,site,007,06/27/1960,Puerto Rico Industrial Development Company,Mayaguez,Active,"PR, San Juan",2000,263.6,007,Distribution Warehouse Center,Active,8.96,,103,https://ofis.trade.gov/Zones/Details/103,2026-08-26T15:58:42+00:00,,,,,,,,unknown
c3835cd84db97e962d881a6525990938b8f097201a5bf6c705a21282b590674b,site,007,06/27/1960,Puerto Rico Industrial Development Company,Mayaguez,Active,"PR, San Juan",2000,263.6,008,Distribution Center for the Caribbean,Active,16.75,,103,https://ofis.trade.gov/Zones/Details/103,2026-08-26T15:58:42+00:00,,,,,,,,unknown
55beab37c7c3c5b0cd0f8026d590c2823499e2a6cc6982c7b012761468c8a35c,site,007,06/27/1960,Puerto Rico Industrial Development Company,Mayaguez,Active,"PR, San Juan",2000,263.6,009,Distribution Center,Active,2.94,,103,https://ofis.trade.gov/Zones/Details/103,2026-08-26T15:58:42+00:00,,,,,,,,unknown
705564671b5f81ff8b1f135692867860b06a115092813450a6ca66d4498ed7ff,site,007,06/27/1960,Puerto Rico Industrial Development Company,Mayaguez,Active,"PR, San Juan",2000,263.6,010,Industrial Park,Active,24.9726,,103,https://ofis.trade.gov/Zones/Details/103,2026-08-26T15:58:42+00:00,,,,,,,,unknown
c9ed144ac014ea4133d94c4cf3570c7e67d1d33afccab70906204d62c2e511d9,site,007,06/27/1960,Puerto Rico Industrial Development Company,Mayaguez,Active,"PR, San Juan",2000,263.6,012,Amelia Distribution Center,Active,1.58,02/28/2022 (E),103,https://ofis.trade.gov/Zones/Details/103,2026-08-26T15:58:42+00:00,,,,,,,,unknown
896fc55886a43a0c52a1debebae3bdd36d433aadeda40dbeea2fd9446713c88e,site,007,06/27/1960,Puerto Rico Industrial Development Company,Mayaguez,Active,"PR, San Juan",2000,263.6,013,Martinez Arias Park,Active,5.88,04/30/2015 (E),103,https://ofis.trade.gov/Zones/Details/103,2026-08-26T15:58:42+00:00,,,,,,,,unknown
759788f2efbed652b90659d7adb2b92d95dcbf34a7cc018a6bd2b76ab03b9223,site,007,06/27/1960,Puerto Rico Industrial Development Company,Mayaguez,Active,"PR, San Juan",2000,263.6,014,Motorambar Inc.,Active,0.741,12/31/2014 (E),103,https://ofis.trade.gov/Zones/Details/103,2026-08-26T15:58:42+00:00,,,,,,,,unknown
7fc4ad7a934547e196c23d3b551fef9970c9eaca57eaf65069c09bf88e7ec96d,site,007,06/27/1960,Puerto Rico Industrial Development Company,Mayaguez,Active,"PR, San Juan",2000,263.6,015,San Juan Industrial Park (Building 1),Active,9.5,12/31/2015 (E),103,https://ofis.trade.gov/Zones/Details/103,2026-08-26T15:58:42+00:00,,,,,,,,unknown
3e50934d39fb850bc03243aac0a2f75992a9775ddedd5ef2214be1326afb4924,site,007,06/27/1960,Puerto Rico Industrial Development Company,Mayaguez,Active,"PR, San Juan",2000,263.6,016,Dimalsa Logistics Corp.,Active,0.688,,103,https://ofis.trade.gov/Zones/Details/103,2026-08-26T15:58:42+00:00,,,,,,,,unknown
8e5140e4fd5e48148ca88a7349286d56322cd1a572bff23e2c4269564e286197,site,007,06/27/1960,Puerto Rico Industrial Development Company,Mayaguez,Active,"PR, San Juan",2000,263.6,017,"A.Z.C. Metropolitan Distributors, Inc.",Active,2.55,,103,https://ofis.trade.gov/Zones/Details/103,2026-08-26T15:58:42+00:00,,,,,,,,unknown
e028d19ff470eed350b868d6a93d605e28405d10879cf49d11d3dfc4b9c5e5ef,zone,061,10/20/1980,Department of Economic Development and Commerce,San Juan,Active,"PR, San Juan",1821.07,343.66,,,,,,239,https://ofis.trade.gov/Zones/Details/239,2026-08-26T15:58:42+00:00,,,,,,,,unknown
2dba0caf1d5e5d627ee3c6511d5bfb02f52abc89a14b288a1c25c4d45f633aab,site,061,10/20/1980,Department of Economic Development and Commerce,San Juan,Active,"PR, San Juan",1821.07,343.66,002,North Distribution Center,Active,11,10/31/2012 (S),239,https://ofis.trade.gov/Zones/Details/239,2026-08-26T15:58:42+00:00,,,,,,,,unknown
51934065877efddd4949cae127a45f9d2b5e08684772a4af4b05117907725939,site,061,10/20/1980,Department of Economic Development and Commerce,San Juan,Active,"PR, San Juan",1821.07,343.66,003,Catano Equipment and Storage Complex,Active,3.43,10/31/2012 (S),239,https://ofis.trade.gov/Zones/Details/239,2026-08-26T15:58:42+00:00,,,,,,,,unknown
b8e68404b7e9c2cd7cf58ecccaa1e1696b9a2cad665be976459d644d706ce6e9,site,061,10/20/1980,Department of Economic Development and Commerce,San Juan,Active,"PR, San Juan",1821.07,343.66,005,Corujo Industrial Park,Active,9.33,10/31/2012 (S),239,https://ofis.trade.gov/Zones/Details/239,2026-08-26T15:58:42+00:00,,,,,,,,unknown
89cb364143603cf48bb5661b76662386bf3510e4ba65aaa625505515ca18deb1,site,061,10/20/1980,Department of Economic Development and Commerce,San Juan,Active,"PR, San Juan",1821.07,343.66,007,Baldioroty de Castro Warehouse and Distribution Center,Active,2,10/31/2012 (S),239,https://ofis.trade.gov/Zones/Details/239,2026-08-26T15:58:42+00:00,,,,,,,,unknown
10d51315ce346fd28026f739a21b980a836fdae16566e9df5c0de096cfca9a0f,site,061,10/20/1980,Department of Economic Development and Commerce,San Juan,Active,"PR, San Juan",1821.07,343.66,008,Manati chemical warehouse,Active,5,10/31/2014 (S),239,https://ofis.trade.gov/Zones/Details/239,2026-08-26T15:58:42+00:00,,,,,,,,unknown
955abf74bd6cf3552ece92e27074dbd82c80fe06021a4d28f36e49f9edf78601,site,061,10/20/1980,Department of Economic Development and Commerce,San Juan,Active,"PR, San Juan",1821.07,343.66,009,Warehouse,Active,2.54,10/31/2014 (S),239,https://ofis.trade.gov/Zones/Details/239,2026-08-26T15:58:42+00:00,,,,,,,,unknown
31f07fa0faca686aed520e96a2fbf4e18477192c4340452d7b20f0d9d3e5fe95,site,061,10/20/1980,Department of Economic Development and Commerce,San Juan,Active,"PR, San Juan",1821.07,343.66,010,storage complex,Active,4.69,10/31/2012 (S),239,https://ofis.trade.gov/Zones/Details/239,2026-08-26T15:58:42+00:00,,,,,,,,unknown
d8d3bda33b07e41b749b1f605f6bee5e85f6e1ba5ca646cde42700cd6430106f,site,061,10/20/1980,Department of Economic Development and Commerce,San Juan,Active,"PR, San Juan",1821.07,343.66,015,Royal Industrial Park,Active,0.95,06/30/2015 (S),239,https://ofis.trade.gov/Zones/Details/239,2026-08-26T15:58:42+00:00,,,,,,,,unknown
0112306c32266b588d075675272dbcb0ee12c099302b1b1dce6de27e5b996df2,site,061,10/20/1980,Department of Economic Development and Commerce,San Juan,Active,"PR, San Juan",1821.07,343.66,016,Benitez Commercial Complex,Not Active,0,06/30/2015 (S),239,https://ofis.trade.gov/Zones/Details/239,2026-08-26T15:58:42+00:00,,,,,,,,unknown
e42495f5b04f27df6cf96dd3efec2e1a73634c6b11aca453a837a2169d92e62b,site,061,10/20/1980,Department of Economic Development and Commerce,San Juan,Active,"PR, San Juan",1821.07,343.66,017,warehouse building,Active,7,08/31/2017 (S),239,https://ofis.trade.gov/Zones/Details/239,2026-08-26T15:58:42+00:00,,,,,,,,unknown
8e0ea4e656ce578f7d82fdf3a4775b32a75b4cf3d7f7efebdc8c1efc30724a34,site,061,10/20/1980,Department of Economic Development and Commerce,San Juan,Active,"PR, San Juan",1821.07,343.66,019,Palmas Industrial Zone,Active,0.78,08/31/2017 (S),239,https://ofis.trade.gov/Zones/Details/239,2026-08-26T15:58:42+00:00,,,,,,,,unknown
190d5428dd98a1d2aa00ea7ee6976a2679bea76eb243459491726093c6be3263,site,061,10/20/1980,Department of Economic Development and Commerce,San Juan,Active,"PR, San Juan",1821.07,343.66,020,warehouse/storage facility,Active,2.25,08/31/2017 (S),239,https://ofis.trade.gov/Zones/Details/239,2026-08-26T15:58:42+00:00,,,,,,,,unknown
f1f5dcb70371788425a61b96df71d9e353afa20e37e57eb0d53cb506668fdeda,site,061,10/20/1980,Department of Economic Development and Commerce,San Juan,Active,"PR, San Juan",1821.07,343.66,021,TraFon Group,Active,3.72,08/31/2017 (S),239,https://ofis.trade.gov/Zones/Details/239,2026-08-26T15:58:42+00:00,,,,,,,,unknown
65e4752761e263c0764cc1d0537305572efac4f427cf619f0b1b778065f24dea,site,061,10/20/1980,Department of Economic Development and Commerce,San Juan,Active,"PR, San Juan",1821.07,343.66,024,Rafael Hernandez Airport,Active,16.78,08/31/2022 (S),239,https://ofis.trade.gov/Zones/Details/239,2026-08-26T15:58:42+00:00,,,,,,,,unknown
499cc9f98da312f0d08aa5e204e4561f686e986c7bec711c8fc63eb7a726a927,zone,163,10/18/1989,CODEZOL C.D.,Ponce,Active,"PR, Ponce",936.984,291.8,,,,,,115,https://ofis.trade.gov/Zones/Details/115,2026-08-26T15:58:42+00:00,,,,,,,,unknown
acd2a4bded588298c2b92c8e206ece386b1250edd84620d8f29c053c9f8071c2,site,163,10/18/1989,CODEZOL C.D.,Ponce,Active,"PR, Ponce",936.984,291.8,002,"Peerless Oil & Chemicals, Inc. Petroleum Termina",Active,183.8,,115,https://ofis.trade.gov/Zones/Details/115,2026-08-26T15:58:42+00:00,,,,,,,,unknown
08d58ac4e9f1a44839468727243ae2a333862d007950eadc979655b59e6e0446,site,163,10/18/1989,CODEZOL C.D.,Ponce,Active,"PR, Ponce",936.984,291.8,003,Hato Rey Distribution Center,Active,3,,115,https://ofis.trade.gov/Zones/Details/115,2026-08-26T15:58:42+00:00,,,,,,,,unknown
7a661a24755f33c1e4a2cfcf33d9a6854676340838397c4f7c43692fc53c4274,site,163,10/18/1989,CODEZOL C.D.,Ponce,Active,"PR, Ponce",936.984,291.8,004,"Centro Automatriz Santa Rosa, Inc.",Active,14,,115,https://ofis.trade.gov/Zones/Details/115,2026-08-26T15:58:42+00:00,,,,,,,,unknown
414ec1721add8254480f61aa5bec764c30c9449011ce32b9c692f712c7570c24,site,163,10/18/1989,CODEZOL C.D.,Ponce,Active,"PR, Ponce",936.984,291.8,005,Mercedita Industrial Park,,0,,115,https://ofis.trade.gov/Zones/Details/115,2026-08-26T15:58:42+00:00,,,,,,,,unknown
bd53df7773fbc12b99070ede70c1a1967a8a37fee6c55cf9d8e95090cb2e48dc,site,163,10/18/1989,CODEZOL C.D.,Ponce,Active,"PR, Ponce",936.984,291.8,006,Coto Laurel Industrial Park,Active,0,,115,https://ofis.trade.gov/Zones/Details/115,2026-08-26T15:58:42+00:00,,,,,,,,unknown
5d2e461a1064259c046b0e7bb2732198062570d8c8eddea5a9530785b8bdba3f,site,163,10/18/1989,CODEZOL C.D.,Ponce,Active,"PR, Ponce",936.984,291.8,007,Cesar Castillo warehouse,Active,17.2,,115,https://ofis.trade.gov/Zones/Details/115,2026-08-26T15:58:42+00:00,,,,,,,,unknown
d416b4ee9680e1899dcca6efe8464229a681d46db2fc311d882b779ae2c2ea71,site,163,10/18/1989,CODEZOL C.D.,Ponce,Active,"PR, Ponce",936.984,291.8,008,"Ayala Warehouse, Inc.",,0,,115,https://ofis.trade.gov/Zones/Details/115,2026-08-26T15:58:42+00:00,,,,,,,,unknown
0501bac8cdb0b71d75dabdf32dd89b1a41049a53afdfa44950093a551e836704,site,163,10/18/1989,CODEZOL C.D.,Ponce,Active,"PR, Ponce",936.984,291.8,010,"Colomer & Suarez, Inc. Centro de Distribucion Playa de Ponce",Active,5.83,,115,https://ofis.trade.gov/Zones/Details/115,2026-08-26T15:58:42+00:00,,,,,,,,unknown
981d7b150b6ff242c60524bc9e1170d24245a9eab73cf654aca72d121e19a3c2,site,163,10/18/1989,CODEZOL C.D.,Ponce,Active,"PR, Ponce",936.984,291.8,011,ProCaribe,Active,52,,115,https://ofis.trade.gov/Zones/Details/115,2026-08-26T15:58:42+00:00,,,,,,,,unknown
2c3d3d056864acce59d7ab2273a9094ae761f77112e8a7286fe92be66fe5e761,site,163,10/18/1989,CODEZOL C.D.,Ponce,Active,"PR, Ponce",936.984,291.8,012,Yaucono Industrial Park,Active,5.97,,115,https://ofis.trade.gov/Zones/Details/115,2026-08-26T15:58:42+00:00,,,,,,,,unknown
ba73dffd29df098a50a4075440319ab87c5e420e767c495cddeb2b1daa3b8518,site,163,10/18/1989,CODEZOL C.D.,Ponce,Active,"PR, Ponce",936.984,291.8,013,Rio Piedras Distribution Center,Active,10,,115,https://ofis.trade.gov/Zones/Details/115,2026-08-26T15:58:42+00:00,,,,,,,,unknown
f34c6117cdd895048fd0569c6b25cdfb5f153b92fb9699e5388b27a33d793a97,site,163,10/18/1989,CODEZOL C.D.,Ponce,Active,"PR, Ponce",936.984,291.8,017,Ponce Regional Distribution Center,,0,,115,https://ofis.trade.gov/Zones/Details/115,2026-08-26T15:58:42+00:00,,,,,,,,unknown
