source_record_id,insurer_name_raw,website_raw,source_url,retrieved_at_utc,geo_municipality_code,geo_municipality_name,geo_county_fips,geo_zip,geo_lat,geo_lon,geo_attribution_source,geo_attribution_confidence
dabe8847889e912c90044f8d9efdc66c8f7725acab655d15e5fb8e27a2fcf52a,AIG Life Insurance Company of Puerto Rico,https://www.aig.com.pr/business,https://www.ocs.pr.gov/consumidores/aseguradores-del-pais,2026-08-26T16:25:40+00:00,,,,,,,,unknown
97ff9aa67f97db26b9e85c431606ca88c20a6cb88bb1563120680928413b236a,Antilles Insurance Company,https://antillesinsurance.com/,https://www.ocs.pr.gov/consumidores/aseguradores-del-pais,2026-08-26T16:25:40+00:00,,,,,,,,unknown
6afecb13b286f61ad64637921fb587b7f2356dae258fe771005b98723abaec5e,Asociación de Suscripción Conjunta del Seguro de Responsabilidad Obligatorio,https://www.asctucompulsorio.com/,https://www.ocs.pr.gov/consumidores/aseguradores-del-pais,2026-08-26T16:25:40+00:00,,,,,,,,unknown
bb7baca2503bedb3081fdd459e303df79e6928b23b0cabe00a681e8b1b938347,"Auxilio Salud Plus, Inc.",https://www.auxiliosaludplus.com/,https://www.ocs.pr.gov/consumidores/aseguradores-del-pais,2026-08-26T16:25:40+00:00,,,,,,,,unknown
4942aecf33ce273e293315e2b7c7860fde6ce2e56ae0321dac04407e3744c0e0,"Blitz Insurance, Inc.",https://www.blitzinsurance.com/,https://www.ocs.pr.gov/consumidores/aseguradores-del-pais,2026-08-26T16:25:40+00:00,,,,,,,,unknown
673266fdfab9e5bcc41ac83064999c74dae75e7a364921e9e2eef794c622deb4,Caribbean American Life Assurance Company - Caribbean American Property Insurance Company,https://www.assurant.pr/,https://www.ocs.pr.gov/consumidores/aseguradores-del-pais,2026-08-26T16:25:40+00:00,,,,,,,,unknown
eeef7191613c5b24f0da7f814317ca844f08bcb72a420838327d492e78dfc95c,Chubb Insurance Company of Puerto Rico,https://www.chubb.com/ar-es/,https://www.ocs.pr.gov/consumidores/aseguradores-del-pais,2026-08-26T16:25:40+00:00,,,,,,,,unknown
1d907264b50570f807f840280baa994f3876a7da25648fde48a9551056a70c42,Cooperativa de Seguros de Vida de Puerto Rico (COSVI),https://www.cosvi.com/,https://www.ocs.pr.gov/consumidores/aseguradores-del-pais,2026-08-26T16:25:40+00:00,,,,,,,,unknown
4213ef2e762c1c59fd4710b548f775017337968594d925a2b3e9983827b91aae,Cooperativa de Seguros Múltiples de Puerto Rico,https://www.segurosmultiples.com/,https://www.ocs.pr.gov/consumidores/aseguradores-del-pais,2026-08-26T16:25:40+00:00,,,,,,,,unknown
d6a9dbeaf467b7b264472213e8789be21e75dc3d262db0a74035a4a27122cb88,Covernet Insurance Company,https://www.covernetinsurance.com/,https://www.ocs.pr.gov/consumidores/aseguradores-del-pais,2026-08-26T16:25:40+00:00,,,,,,,,unknown
c399d5a77f7316ae48e6fda46f97b3ff97440a90d472f14667d43b7d9eb508d1,"Delta Dental of Puerto Rico, Inc.",https://deltadentalpr.com/,https://www.ocs.pr.gov/consumidores/aseguradores-del-pais,2026-08-26T16:25:40+00:00,,,,,,,,unknown
ff6f35dc8a74e2d9f1c2aca7e54c278bdba831ce81625aad59c0a7e121c29435,"First Medical Health Plan, Inc.",https://www.firstmedicalpr.com/,https://www.ocs.pr.gov/consumidores/aseguradores-del-pais,2026-08-26T16:25:40+00:00,,,,,,,,unknown
f27af2e0f8ba8912ae25aa1381836491a3b219ccbca2bfccdef39e1e42895636,"Humana Health Plans of Puerto Rico, Inc.",https://www.humana.com/,https://www.ocs.pr.gov/consumidores/aseguradores-del-pais,2026-08-26T16:25:40+00:00,,,,,,,,unknown
882c8afe80729a49ddfe124ecfab3c592fbd33975d2e6d8144066458ae3c9305,MAPFRE Life Insurance Company - MAPFRE PRAICO Insurance Company - MAPFRE Pan American Insurance Company,https://www.mapfre.pr/,https://www.ocs.pr.gov/consumidores/aseguradores-del-pais,2026-08-26T16:25:40+00:00,,,,,,,,unknown
b0dae575b9d7d6bdb2928d93cea0b8b12757c47476608ae6c48953440f30c6bb,"MCS Advantage, Inc. - MCS Life Insurance Company - MCS Health Management Options, Inc.",https://mcs.com.pr/Pages/MCS.aspx,https://www.ocs.pr.gov/consumidores/aseguradores-del-pais,2026-08-26T16:25:40+00:00,,,,,,,,unknown
4cccbe48601f88626bfe76f562fa7e5bc3381335c974fbef36b1f6e64830f5bb,"MMM Healthcare, Inc. - MMM Multi Health, LLC - PMC Medicare Choice, LLC",https://mcs.com.pr/Pages/MCS.aspx,https://www.ocs.pr.gov/consumidores/aseguradores-del-pais,2026-08-26T16:25:40+00:00,,,,,,,,unknown
29022bae5e3e1edba5ca9cbc53d6ad886a79a4fdef9a3140ac21c060b13e52ed,Multinational Insurance Company,https://www.multinationalinsurance.com/,https://www.ocs.pr.gov/consumidores/aseguradores-del-pais,2026-08-26T16:25:40+00:00,,,,,,,,unknown
8ebff3d088fd52c0ffa9dce4910475d6dfe9f32978c1b8ec172ea925d6823fd6,Multinational Life Insurance Company,https://www.multinationalinsurance.com/,https://www.ocs.pr.gov/consumidores/aseguradores-del-pais,2026-08-26T16:25:40+00:00,,,,,,,,unknown
2f772ae6571f8a04144635d7001194c542bfb24056f9963784508563e203f8e2,One Alliance Insurance Corporation,https://www.onealliancepr.com/,https://www.ocs.pr.gov/consumidores/aseguradores-del-pais,2026-08-26T16:25:40+00:00,,,,,,,,unknown
906341a70a114a15b22d9db57340e671b7d8e80b56758b8d4fce7457998167a8,Óptima Seguros,https://www.optimapr.com/o,https://www.ocs.pr.gov/consumidores/aseguradores-del-pais,2026-08-26T16:25:40+00:00,,,,,,,,unknown
ac7c0c96ba67a37e1006f8314bead4ea2f5f0637b8c75965ca80c7ed99788da9,Pan American Life Insurance Company of Puerto Rico,https://www.palig.com/es,https://www.ocs.pr.gov/consumidores/aseguradores-del-pais,2026-08-26T16:25:40+00:00,,,,,,,,unknown
ec3fc3d22dec4374fa979595cc86e00558e27b06b74065ca0bf9af3161216072,Pan American Life Insurance Company of Puerto Rico,https://www.picapr.com/,https://www.ocs.pr.gov/consumidores/aseguradores-del-pais,2026-08-26T16:25:40+00:00,,,,,,,,unknown
e0b7224ccfdff43462f1f0bacdb674d4df32ffb80aebbf4928931884707b6fd7,"Plan de Salud Menonita, Inc.",https://www.planmenonita.com/,https://www.ocs.pr.gov/consumidores/aseguradores-del-pais,2026-08-26T16:25:40+00:00,,,,,,,,unknown
927239ff9ddb8f1e2bcfad68c9908f2c46d473e43c3df6ff491f367c45242a53,"Plan Médico de Servicios de Salud Bella Vista, Inc.",https://www.planmedicobellavista.com/web/esp/,https://www.ocs.pr.gov/consumidores/aseguradores-del-pais,2026-08-26T16:25:40+00:00,,,,,,,,unknown
c480da0e0957f5a5c74aa3e5a6a8ce7131936d35ca70c8d2f03980d1c58d1c2f,"Point Guard Insurance Company, Inc.",https://pointguardinsurance.com/PG/Home,https://www.ocs.pr.gov/consumidores/aseguradores-del-pais,2026-08-26T16:25:40+00:00,,,,,,,,unknown
af745f2908ba0e6f9f98e655bd247de2c5ef569e3dfe281008955b1a321f9286,Popular Insurance,https://www.popular.com/en/insurance/,https://www.ocs.pr.gov/consumidores/aseguradores-del-pais,2026-08-26T16:25:40+00:00,,,,,,,,unknown
aa3f933d2d533a7a4ef0a5ca45e7078803f6284596d5d0b984c61e0acba12907,Popular Insurance,https://www.popular.com/,https://www.ocs.pr.gov/consumidores/aseguradores-del-pais,2026-08-26T16:25:40+00:00,,,,,,,,unknown
27d1599228ba7e4e27603918014f8755b1fb65e498a229c28b2e63cc7ac17dc5,Premier Insurance Company,https://www.premier.pr/,https://www.ocs.pr.gov/consumidores/aseguradores-del-pais,2026-08-26T16:25:40+00:00,,,,,,,,unknown
49b661f11d370d028f12baee3c94e5f855c7ff1848a92c9ffc1122e020b2656b,Puerto Rico Medical Defense Insurance Company,https://prmdic.com/,https://www.ocs.pr.gov/consumidores/aseguradores-del-pais,2026-08-26T16:25:40+00:00,,,,,,,,unknown
8fad9f1c91c9cb4243dae833d9480a4e7a320ec5a98977e399594295522a33fd,"Ryder Health Plan, Inc.",https://planryder.org/,https://www.ocs.pr.gov/consumidores/aseguradores-del-pais,2026-08-26T16:25:40+00:00,,,,,,,,unknown
537c5a4c3b874ff18b6562630b9926dd5d90c0eb64a173a74fb90f838ff49258,Sindicato de Aseguradores para la Suscripción Conjunta de Seguros de Responsabilidad Profesional Médico Hospitalario (SIMED),https://simedpr.com/,https://www.ocs.pr.gov/consumidores/aseguradores-del-pais,2026-08-26T16:25:40+00:00,,,,,,,,unknown
257b435a3ec7999c41c188430dfbc94bea26ace2cd0ea544b3a1f876a6221028,"Tower Bonding & Surety Co, Inc.",https://www.aig.com.pr/business,https://www.ocs.pr.gov/consumidores/aseguradores-del-pais,2026-08-26T16:25:40+00:00,,,,,,,,unknown
3b7034e02d1f0ebe0d7fa5748efac62adfd39b0516cfbf29d4440b438dbb8274,Trans-Oceanic Life Insurance Company,https://www.tolic.com/,https://www.ocs.pr.gov/consumidores/aseguradores-del-pais,2026-08-26T16:25:40+00:00,,,,,,,,unknown
5dd1ceaa8b26c66453827b9af94720667d58272e02d40806980a1738983c0169,"Triple-S Advantage, Inc",https://advantage.grupotriples.com/,https://www.ocs.pr.gov/consumidores/aseguradores-del-pais,2026-08-26T16:25:40+00:00,,,,,,,,unknown
e77adc3e6f890aadb08fb7945968edca9b93cc07da1805130b05b44f93a95f72,"Triple-S Propiedad, Inc.",https://www.ssspropiedad.com/,https://www.ocs.pr.gov/consumidores/aseguradores-del-pais,2026-08-26T16:25:40+00:00,,,,,,,,unknown
1178ec6f2ce460849c2757a421e21af157730d746c9090d94818aaf4e18c4660,"Triple-S Salud, Inc.",https://www.ssspr.com/,https://www.ocs.pr.gov/consumidores/aseguradores-del-pais,2026-08-26T16:25:40+00:00,,,,,,,,unknown
82829048c6877449ab9c751ad6f9dc262d85059768466b5e7091b691f71fc8f6,"Triple-S Vida, Inc.",https://vida.grupotriples.com/,https://www.ocs.pr.gov/consumidores/aseguradores-del-pais,2026-08-26T16:25:40+00:00,,,,,,,,unknown
44b714632062839f10b0306bfd643d3b40f396c0b034ad6d5bff83d611e7fc4d,Universal Insurance Company,https://www.universalpr.com/,https://www.ocs.pr.gov/consumidores/aseguradores-del-pais,2026-08-26T16:25:40+00:00,,,,,,,,unknown
de97d96fcb4023dbe5f68bec6a29471dfff59c165c4a59fba0a78ccc86d4977a,Universal Life Insurance Company,https://www.universalpr.com/,https://www.ocs.pr.gov/consumidores/aseguradores-del-pais,2026-08-26T16:25:40+00:00,,,,,,,,unknown
311742b4b72ce603e80c5d379e12f10c6e76024674bc5ef8c7be20eedb4ae69a,United Surety and Indemnity Company,https://www.usicpr.com/,https://www.ocs.pr.gov/consumidores/aseguradores-del-pais,2026-08-26T16:25:40+00:00,,,,,,,,unknown
f1cebb75f9e2bf729024ce150441888b9b5250ac786b91cd4a858097dd9df2d2,USIC Life Insurance Company,https://www.usicpr.com/,https://www.ocs.pr.gov/consumidores/aseguradores-del-pais,2026-08-26T16:25:40+00:00,,,,,,,,unknown
