path,exists,format,logical_rows,classification,inclusion_decision,sha256
/Users/jotaele/Documents/Financials/COR3_Recovery/contractdata/data/staging/processed/pr_cdbg_dr_master.csv,True,csv,3808,FOUND_SUPPORTING_NOT_AUTHORIZED_EXPORT,documentary_support_only,18e33b1d79024e302d6e0f1ae272c3dcd621b6ae70316857289b886a4089404e
/Users/jotaele/Documents/Financials/COR3_Recovery/contractdata/data/staging/raw/cdbg_dr/cdbg_dr_usaspending.csv,True,csv,3805,FOUND_SUPPORTING_NOT_AUTHORIZED_EXPORT,documentary_support_only,8f8725e16293c9e8cd768744cbd148ef173396bee4e871fecdc4130f12f98914
/Users/jotaele/Documents/Financials/2024/ACT/transicion2024_archive/files/by_agency/078/Informe_de_Contratos_Vigentes/Informe_de_Contratos_Vigentes-Programa_de_CDBG-DR-MIT.pdf,True,pdf,,FOUND_SUPPORTING_NOT_AUTHORIZED_EXPORT,documentary_support_only,376b266040f54a3fd1456cdcfcc71240edd36e64687145ee7acf887f388cd6c8
/Users/jotaele/Documents/Financials/2024/ACT/transicion2024_archive/files/by_agency/078/Informe_Inventario_de_Propiedad/Informe_de_Inventario_de_Propiedad_CDBG-DR-MIT_-_Flota.pdf,True,pdf,,FOUND_SUPPORTING_NOT_AUTHORIZED_EXPORT,documentary_support_only,2f8946434b392d3a5e7c96b3b54a05a8a431ff922e4ac59e25b40b1fc2aa0f55
/Users/jotaele/Documents/Financials/2024/ACT/transicion2024_archive/files/by_agency/078/Informe_de_Subastas/Informe_de_Subastas_en_Proceso_y_Adjudicadas_-_CDBG-DR-MIT.pdf,True,pdf,,FOUND_SUPPORTING_NOT_AUTHORIZED_EXPORT,documentary_support_only,6d6ebbf2a2aeb5fdebce8c9150c6add4ffbfcbe1a02e7a166f44b6b4ab81546c
/Users/jotaele/Documents/Financials/2024/ACT/transicion2024_archive/files/by_agency/078/Informe_Acciones_Judiciales/Informe_Acciones_Judiciales_CDBG-DR-MIT.pdf,True,pdf,,FOUND_SUPPORTING_NOT_AUTHORIZED_EXPORT,documentary_support_only,a24ec5a11d912353f189d717fc402d98df2d362d4ca67d892eddb243072b1492
/Users/jotaele/Documents/Financials/Documents/contractdata/data/staging/processed/pr_hud_hcv.csv,True,csv,2,PARTIAL_NOT_AUTHORIZED_DRGR,exclude_from_authorized_drgr_credit,e421ef85cd8e74eb3b9ed2be252875f8bc94e9b5cb0f5c15d7487a3d25483eb0
/Users/jotaele/Documents/Financials/Documents/contractdata/data/normalized/hud_drgr_projects.parquet,True,parquet,0,PARTIAL_UNRESOLVED,preserve_blocker,998a3e4708421863bddad70a402af9da0f500bf6dd97386da63355409dd12134
/Users/jotaele/Documents/Financials/Documents/contractdata/data/normalized/hud_drgr_responsible_orgs_resolved.parquet,True,parquet,0,PARTIAL_UNRESOLVED,preserve_blocker,ecaa80f0ae6f3b300975235f66bb926dcec4987fc3347fe5ef4aab4c56d01bd5
