FIRM_PAN,PANEL,SUFFIX,EFF_DATE,PANEL_TYP,PNP_REASON,Hyperlink_Externo
72000C0765J,0765,J,1258502400000,"Countywide, Panel Printed", ,http://Gis.jp.pr.gov/AdvisoryMaps/PANEL_72000C0765J.pdf
72000C1185H,1185,H,1113868800000,"Countywide, Panel Printed", ,http://Gis.jp.pr.gov/AdvisoryMaps/PANEL_72000C1185H.pdf
72000C1595H,1595,H,1113868800000,"Countywide, Panel Printed", ,http://Gis.jp.pr.gov/AdvisoryMaps/PANEL_72000C1595H.pdf
72000C1905J,1905,J,1258502400000,"Countywide, Panel Printed", ,http://Gis.jp.pr.gov/AdvisoryMaps/PANEL_72000C1905J.pdf
72000C0770J,0770,J,1258502400000,"Countywide, Panel Printed", ,http://Gis.jp.pr.gov/AdvisoryMaps/PANEL_72000C0770J.pdf
72000C1655J,1655,J,1258502400000,"Countywide, Panel Printed", ,http://Gis.jp.pr.gov/AdvisoryMaps/PANEL_72000C1655J.pdf
72000C1165H,1165,H,1113868800000,"Countywide, Panel Printed", ,http://Gis.jp.pr.gov/AdvisoryMaps/PANEL_72000C1165H.pdf
72000C2005J,2005,J,1258502400000,"Countywide, Panel Printed", ,http://Gis.jp.pr.gov/AdvisoryMaps/PANEL_72000C2005J.pdf
72000C0515J,0515,J,1258502400000,"Countywide, Panel Printed", ,http://Gis.jp.pr.gov/AdvisoryMaps/PANEL_72000C0515J.pdf
72000C0735J,0735,J,1258502400000,"Countywide, Panel Printed", ,http://Gis.jp.pr.gov/AdvisoryMaps/PANEL_72000C0735J.pdf
72000C1130H,1130,H,1113868800000,"Countywide, Panel Printed", ,http://Gis.jp.pr.gov/AdvisoryMaps/PANEL_72000C1130H.pdf
72000C1615H,1615,H,1113868800000,"Countywide, Panel Printed", ,http://Gis.jp.pr.gov/AdvisoryMaps/PANEL_72000C1615H.pdf
72000C1910J,1910,J,1258502400000,"Countywide, Panel Printed", ,http://Gis.jp.pr.gov/AdvisoryMaps/PANEL_72000C1910J.pdf
72000C1205J,1205,J,1258502400000,"Countywide, Panel Printed", ,http://Gis.jp.pr.gov/AdvisoryMaps/PANEL_72000C1205J.pdf
72000C1660J,1660,J,1258502400000,"Countywide, Panel Printed", ,http://Gis.jp.pr.gov/AdvisoryMaps/PANEL_72000C1660J.pdf
72000C1170H,1170,H,1113868800000,"Countywide, Panel Printed", ,http://Gis.jp.pr.gov/AdvisoryMaps/PANEL_72000C1170H.pdf
72000C1810J,1810,J,1258502400000,"Countywide, Panel Printed", ,http://Gis.jp.pr.gov/AdvisoryMaps/PANEL_72000C1810J.pdf
72000C1545J,1545,J,1258502400000,"Countywide, Panel Printed", ,http://Gis.jp.pr.gov/AdvisoryMaps/PANEL_72000C1545J.pdf
72000C0445J,0445,J,1258502400000,"Countywide, Panel Printed", ,http://Gis.jp.pr.gov/AdvisoryMaps/PANEL_72000C0445J.pdf
72000C1120H,1120,H,1113868800000,"Countywide, Panel Printed", ,http://Gis.jp.pr.gov/AdvisoryMaps/PANEL_72000C1120H.pdf
72000C1160H,1160,H,1113868800000,"Countywide, Panel Printed", ,http://Gis.jp.pr.gov/AdvisoryMaps/PANEL_72000C1160H.pdf
72000C0780H,0780,H,1113868800000,"Countywide, Panel Printed", ,http://Gis.jp.pr.gov/AdvisoryMaps/PANEL_72000C0780H.pdf
72000C1565H,1565,H,1113868800000,"Countywide, Panel Printed", ,http://Gis.jp.pr.gov/AdvisoryMaps/PANEL_72000C1565H.pdf
72000C1210J,1210,J,1258502400000,"Countywide, Panel Printed", ,http://Gis.jp.pr.gov/AdvisoryMaps/PANEL_72000C1210J.pdf
72000C1935J,1935,J,1258502400000,"Countywide, Panel Printed", ,http://Gis.jp.pr.gov/AdvisoryMaps/PANEL_72000C1935J.pdf
72000C1680J,1680,J,1258502400000,"Countywide, Panel Printed", ,http://Gis.jp.pr.gov/AdvisoryMaps/PANEL_72000C1680J.pdf
72000C1190H,1190,H,1113868800000,"Countywide, Panel Printed", ,http://Gis.jp.pr.gov/AdvisoryMaps/PANEL_72000C1190H.pdf
72000C0420J,0420,J,1258502400000,"Countywide, Panel Printed", ,http://Gis.jp.pr.gov/AdvisoryMaps/PANEL_72000C0420J.pdf
72000C0755J,0755,J,1258502400000,"Countywide, Panel Printed", ,http://Gis.jp.pr.gov/AdvisoryMaps/PANEL_72000C0755J.pdf
72000C1580J,1580,J,1258502400000,"Countywide, Panel Printed", ,http://Gis.jp.pr.gov/AdvisoryMaps/PANEL_72000C1580J.pdf
72000C1135H,1135,H,1113868800000,"Countywide, Panel Printed", ,http://Gis.jp.pr.gov/AdvisoryMaps/PANEL_72000C1135H.pdf
72000C0720H,0720,H,1113868800000,"Countywide, Panel Printed", ,http://Gis.jp.pr.gov/AdvisoryMaps/PANEL_72000C0720H.pdf
72000C1585J,1585,J,1258502400000,"Countywide, Panel Printed", ,http://Gis.jp.pr.gov/AdvisoryMaps/PANEL_72000C1585J.pdf
72000C0440J,0440,J,1258502400000,"Countywide, Panel Printed", ,http://Gis.jp.pr.gov/AdvisoryMaps/PANEL_72000C0440J.pdf
72000C0305J,0305,J,1258502400000,"Countywide, Panel Printed", ,http://Gis.jp.pr.gov/AdvisoryMaps/PANEL_72000C0305J.pdf
72000C0245H,0245,H,1113868800000,"Countywide, Panel Printed", ,http://Gis.jp.pr.gov/AdvisoryMaps/PANEL_72000C0245H.pdf
72000C0560H,0560,H,1113868800000,"Countywide, Panel Printed", ,http://Gis.jp.pr.gov/AdvisoryMaps/PANEL_72000C0560H.pdf
72000C0580H,0580,H,1113868800000,"Countywide, Panel Printed", ,http://Gis.jp.pr.gov/AdvisoryMaps/PANEL_72000C0580H.pdf
72000C1570H,1570,H,1113868800000,"Countywide, Panel Printed", ,http://Gis.jp.pr.gov/AdvisoryMaps/PANEL_72000C1570H.pdf
72000C1140J,1140,J,1258502400000,"Countywide, Panel Printed", ,http://Gis.jp.pr.gov/AdvisoryMaps/PANEL_72000C1140J.pdf
72000C1630H,1630,H,1113868800000,"Countywide, Panel Printed", ,http://Gis.jp.pr.gov/AdvisoryMaps/PANEL_72000C1630H.pdf
72000C1180H,1180,H,1113868800000,"Countywide, Panel Printed", ,http://Gis.jp.pr.gov/AdvisoryMaps/PANEL_72000C1180H.pdf
72000C0465J,0465,J,1258502400000,"Countywide, Panel Printed", ,http://Gis.jp.pr.gov/AdvisoryMaps/PANEL_72000C0465J.pdf
72000C1540J,1540,J,1258502400000,"Countywide, Panel Printed", ,http://Gis.jp.pr.gov/AdvisoryMaps/PANEL_72000C1540J.pdf
72000C0760J,0760,J,1258502400000,"Countywide, Panel Printed", ,http://Gis.jp.pr.gov/AdvisoryMaps/PANEL_72000C0760J.pdf
72000C1155H,1155,H,1113868800000,"Countywide, Panel Printed", ,http://Gis.jp.pr.gov/AdvisoryMaps/PANEL_72000C1155H.pdf
72000C0740J,0740,J,1258502400000,"Countywide, Panel Printed", ,http://Gis.jp.pr.gov/AdvisoryMaps/PANEL_72000C0740J.pdf
72000C1605H,1605,H,1113868800000,"Countywide, Panel Printed", ,http://Gis.jp.pr.gov/AdvisoryMaps/PANEL_72000C1605H.pdf
72000C1960J,1960,J,1258502400000,"Countywide, Panel Printed", ,http://Gis.jp.pr.gov/AdvisoryMaps/PANEL_72000C1960J.pdf
72000C1915J,1915,J,1258502400000,"Countywide, Panel Printed", ,http://Gis.jp.pr.gov/AdvisoryMaps/PANEL_72000C1915J.pdf
72000C0815J,0815,J,1258502400000,"Countywide, Panel Printed", ,http://Gis.jp.pr.gov/AdvisoryMaps/PANEL_72000C0815J.pdf
72000C1235J,1235,J,1258502400000,"Countywide, Panel Printed", ,http://Gis.jp.pr.gov/AdvisoryMaps/PANEL_72000C1235J.pdf
72000C1665J,1665,J,1258502400000,"Countywide, Panel Printed", ,http://Gis.jp.pr.gov/AdvisoryMaps/PANEL_72000C1665J.pdf
72000C1705H,1705,H,1113868800000,"Countywide, Panel Printed", ,http://Gis.jp.pr.gov/AdvisoryMaps/PANEL_72000C1705H.pdf
72000C1920J,1920,J,1258502400000,"Countywide, Panel Printed", ,http://Gis.jp.pr.gov/AdvisoryMaps/PANEL_72000C1920J.pdf
72000C1980J,1980,J,1258502400000,"Countywide, Panel Printed", ,http://Gis.jp.pr.gov/AdvisoryMaps/PANEL_72000C1980J.pdf
72000C0830J,0830,J,1258502400000,"Countywide, Panel Printed", ,http://Gis.jp.pr.gov/AdvisoryMaps/PANEL_72000C0830J.pdf
72000C0785J,0785,J,1258502400000,"Countywide, Panel Printed", ,http://Gis.jp.pr.gov/AdvisoryMaps/PANEL_72000C0785J.pdf
72000C1590H,1590,H,1113868800000,"Countywide, Panel Printed", ,http://Gis.jp.pr.gov/AdvisoryMaps/PANEL_72000C1590H.pdf
72000C0745J,0745,J,1258502400000,"Countywide, Panel Printed", ,http://Gis.jp.pr.gov/AdvisoryMaps/PANEL_72000C0745J.pdf
72000C0280J,0280,J,1258502400000,"Countywide, Panel Printed", ,http://Gis.jp.pr.gov/AdvisoryMaps/PANEL_72000C0280J.pdf
72000C0535J,0535,J,1258502400000,"Countywide, Panel Printed", ,http://Gis.jp.pr.gov/AdvisoryMaps/PANEL_72000C0535J.pdf
72000C1955J,1955,J,1258502400000,"Countywide, Panel Printed", ,http://Gis.jp.pr.gov/AdvisoryMaps/PANEL_72000C1955J.pdf
72000C1230J,1230,J,1258502400000,"Countywide, Panel Printed", ,http://Gis.jp.pr.gov/AdvisoryMaps/PANEL_72000C1230J.pdf
72000C1645J,1645,J,1258502400000,"Countywide, Panel Printed", ,http://Gis.jp.pr.gov/AdvisoryMaps/PANEL_72000C1645J.pdf
72000C1195H,1195,H,1113868800000,"Countywide, Panel Printed", ,http://Gis.jp.pr.gov/AdvisoryMaps/PANEL_72000C1195H.pdf
72000C0880J,0880,J,1258502400000,"Countywide, Panel Printed", ,http://Gis.jp.pr.gov/AdvisoryMaps/PANEL_72000C0880J.pdf
72000C2030J,2030,J,1258502400000,"Countywide, Panel Printed", ,http://Gis.jp.pr.gov/AdvisoryMaps/PANEL_72000C2030J.pdf
72000C0730H,0730,H,1113868800000,"Countywide, Panel Printed", ,http://Gis.jp.pr.gov/AdvisoryMaps/PANEL_72000C0730H.pdf
72000C1065J,1065,J,1258502400000,"Countywide, Panel Printed", ,http://Gis.jp.pr.gov/AdvisoryMaps/PANEL_72000C1065J.pdf
72000C1535J,1535,J,1258502400000,"Countywide, Panel Printed", ,http://Gis.jp.pr.gov/AdvisoryMaps/PANEL_72000C1535J.pdf
72000C1110H,1110,H,1113868800000,"Countywide, Panel Printed", ,http://Gis.jp.pr.gov/AdvisoryMaps/PANEL_72000C1110H.pdf
72000C0695H,0695,H,1113868800000,"Countywide, Panel Printed", ,http://Gis.jp.pr.gov/AdvisoryMaps/PANEL_72000C0695H.pdf
72000C0415J,0415,J,1258502400000,"Countywide, Panel Printed", ,http://Gis.jp.pr.gov/AdvisoryMaps/PANEL_72000C0415J.pdf
72000C1555J,1555,J,1258502400000,"Countywide, Panel Printed", ,http://Gis.jp.pr.gov/AdvisoryMaps/PANEL_72000C1555J.pdf
72000C1070H,1070,H,1113868800000,"Countywide, Panel Printed", ,http://Gis.jp.pr.gov/AdvisoryMaps/PANEL_72000C1070H.pdf
72000C0240H,0240,H,1113868800000,"Countywide, Panel Printed", ,http://Gis.jp.pr.gov/AdvisoryMaps/PANEL_72000C0240H.pdf
72000C0555J,0555,J,1258502400000,"Countywide, Panel Printed", ,http://Gis.jp.pr.gov/AdvisoryMaps/PANEL_72000C0555J.pdf
72000C0285J,0285,J,1258502400000,"Countywide, Panel Printed", ,http://Gis.jp.pr.gov/AdvisoryMaps/PANEL_72000C0285J.pdf
72000C1105H,1105,H,1113868800000,"Countywide, Panel Printed", ,http://Gis.jp.pr.gov/AdvisoryMaps/PANEL_72000C1105H.pdf
72000C1370J,1370,J,1258502400000,"Countywide, Panel Printed", ,http://Gis.jp.pr.gov/AdvisoryMaps/PANEL_72000C1370J.pdf
72000C1860J,1860,J,1258502400000,"Countywide, Panel Printed", ,http://Gis.jp.pr.gov/AdvisoryMaps/PANEL_72000C1860J.pdf
72000C0655J,0655,J,1258502400000,"Countywide, Panel Printed", ,http://Gis.jp.pr.gov/AdvisoryMaps/PANEL_72000C0655J.pdf
72000C0340H,0340,H,1113868800000,"Countywide, Panel Printed", ,http://Gis.jp.pr.gov/AdvisoryMaps/PANEL_72000C0340H.pdf
72000C0615H,0615,H,1113868800000,"Countywide, Panel Printed", ,http://Gis.jp.pr.gov/AdvisoryMaps/PANEL_72000C0615H.pdf
72000C2060J,2060,J,1258502400000,"Countywide, Panel Printed", ,http://Gis.jp.pr.gov/AdvisoryMaps/PANEL_72000C2060J.pdf
72000C1795J,1795,J,1258502400000,"Countywide, Panel Printed", ,http://Gis.jp.pr.gov/AdvisoryMaps/PANEL_72000C1795J.pdf
72000C2130J,2130,J,1258502400000,"Countywide, Panel Printed", ,http://Gis.jp.pr.gov/AdvisoryMaps/PANEL_72000C2130J.pdf
72000C2095J,2095,J,1258502400000,"Countywide, Panel Printed", ,http://Gis.jp.pr.gov/AdvisoryMaps/PANEL_72000C2095J.pdf
72000C0985J,0985,J,1258502400000,"Countywide, Panel Printed", ,http://Gis.jp.pr.gov/AdvisoryMaps/PANEL_72000C0985J.pdf
72000C0320J,0320,J,1258502400000,"Countywide, Panel Printed", ,http://Gis.jp.pr.gov/AdvisoryMaps/PANEL_72000C0320J.pdf
72000C0630H,0630,H,1113868800000,"Countywide, Panel Printed", ,http://Gis.jp.pr.gov/AdvisoryMaps/PANEL_72000C0630H.pdf
72000C0355J,0355,J,1258502400000,"Countywide, Panel Printed", ,http://Gis.jp.pr.gov/AdvisoryMaps/PANEL_72000C0355J.pdf
72000C0290J,0290,J,1258502400000,"Countywide, Panel Printed", ,http://Gis.jp.pr.gov/AdvisoryMaps/PANEL_72000C0290J.pdf
72000C0545H,0545,H,1113868800000,"Countywide, Panel Printed", ,http://Gis.jp.pr.gov/AdvisoryMaps/PANEL_72000C0545H.pdf
72000C1290J,1290,J,1258502400000,"Countywide, Panel Printed", ,http://Gis.jp.pr.gov/AdvisoryMaps/PANEL_72000C1290J.pdf
72000C0890J,0890,J,1258502400000,"Countywide, Panel Printed", ,http://Gis.jp.pr.gov/AdvisoryMaps/PANEL_72000C0890J.pdf
72000C2080J,2080,J,1258502400000,"Countywide, Panel Printed", ,http://Gis.jp.pr.gov/AdvisoryMaps/PANEL_72000C2080J.pdf
72000C1785J,1785,J,1258502400000,"Countywide, Panel Printed", ,http://Gis.jp.pr.gov/AdvisoryMaps/PANEL_72000C1785J.pdf
72000C1765H,1765,H,1113868800000,"Countywide, Panel Printed", ,http://Gis.jp.pr.gov/AdvisoryMaps/PANEL_72000C1765H.pdf
72000C2085J,2085,J,1258502400000,"Countywide, Panel Printed", ,http://Gis.jp.pr.gov/AdvisoryMaps/PANEL_72000C2085J.pdf
72000C1805J,1805,J,1258502400000,"Countywide, Panel Printed", ,http://Gis.jp.pr.gov/AdvisoryMaps/PANEL_72000C1805J.pdf
72000C0895J,0895,J,1258502400000,"Countywide, Panel Printed", ,http://Gis.jp.pr.gov/AdvisoryMaps/PANEL_72000C0895J.pdf
72000C0485J,0485,J,1258502400000,"Countywide, Panel Printed", ,http://Gis.jp.pr.gov/AdvisoryMaps/PANEL_72000C0485J.pdf
72000C1880J,1880,J,1258502400000,"Countywide, Panel Printed", ,http://Gis.jp.pr.gov/AdvisoryMaps/PANEL_72000C1880J.pdf
72000C1340J,1340,J,1258502400000,"Countywide, Panel Printed", ,http://Gis.jp.pr.gov/AdvisoryMaps/PANEL_72000C1340J.pdf
72000C1815J,1815,J,1258502400000,"Countywide, Panel Printed", ,http://Gis.jp.pr.gov/AdvisoryMaps/PANEL_72000C1815J.pdf
72000C1560J,1560,J,1258502400000,"Countywide, Panel Printed", ,http://Gis.jp.pr.gov/AdvisoryMaps/PANEL_72000C1560J.pdf
72000C0715H,0715,H,1113868800000,"Countywide, Panel Printed", ,http://Gis.jp.pr.gov/AdvisoryMaps/PANEL_72000C0715H.pdf
72000C1090H,1090,H,1113868800000,"Countywide, Panel Printed", ,http://Gis.jp.pr.gov/AdvisoryMaps/PANEL_72000C1090H.pdf
72000C1715H,1715,H,1113868800000,"Countywide, Panel Printed", ,http://Gis.jp.pr.gov/AdvisoryMaps/PANEL_72000C1715H.pdf
72000C1755H,1755,H,1113868800000,"Countywide, Panel Printed", ,http://Gis.jp.pr.gov/AdvisoryMaps/PANEL_72000C1755H.pdf
72000C2035J,2035,J,1258502400000,"Countywide, Panel Printed", ,http://Gis.jp.pr.gov/AdvisoryMaps/PANEL_72000C2035J.pdf
72000C1285J,1285,J,1258502400000,"Countywide, Panel Printed", ,http://Gis.jp.pr.gov/AdvisoryMaps/PANEL_72000C1285J.pdf
72000C1720H,1720,H,1113868800000,"Countywide, Panel Printed", ,http://Gis.jp.pr.gov/AdvisoryMaps/PANEL_72000C1720H.pdf
72000C0840J,0840,J,1258502400000,"Countywide, Panel Printed", ,http://Gis.jp.pr.gov/AdvisoryMaps/PANEL_72000C0840J.pdf
72000C0860J,0860,J,1258502400000,"Countywide, Panel Printed", ,http://Gis.jp.pr.gov/AdvisoryMaps/PANEL_72000C0860J.pdf
72000C1260J,1260,J,1258502400000,"Countywide, Panel Printed", ,http://Gis.jp.pr.gov/AdvisoryMaps/PANEL_72000C1260J.pdf
72000C1965J,1965,J,1258502400000,"Countywide, Panel Printed", ,http://Gis.jp.pr.gov/AdvisoryMaps/PANEL_72000C1965J.pdf
72000C1240J,1240,J,1258502400000,"Countywide, Panel Printed", ,http://Gis.jp.pr.gov/AdvisoryMaps/PANEL_72000C1240J.pdf
72000C1695H,1695,H,1113868800000,"Countywide, Panel Printed", ,http://Gis.jp.pr.gov/AdvisoryMaps/PANEL_72000C1695H.pdf
72000C2010J,2010,J,1258502400000,"Countywide, Panel Printed", ,http://Gis.jp.pr.gov/AdvisoryMaps/PANEL_72000C2010J.pdf
72000C1735H,1735,H,1113868800000,"Countywide, Panel Printed", ,http://Gis.jp.pr.gov/AdvisoryMaps/PANEL_72000C1735H.pdf
72000C1970J,1970,J,1258502400000,"Countywide, Panel Printed", ,http://Gis.jp.pr.gov/AdvisoryMaps/PANEL_72000C1970J.pdf
72000C1265J,1265,J,1258502400000,"Countywide, Panel Printed", ,http://Gis.jp.pr.gov/AdvisoryMaps/PANEL_72000C1265J.pdf
72000C0885J,0885,J,1258502400000,"Countywide, Panel Printed", ,http://Gis.jp.pr.gov/AdvisoryMaps/PANEL_72000C0885J.pdf
72000C2055J,2055,J,1258502400000,"Countywide, Panel Printed", ,http://Gis.jp.pr.gov/AdvisoryMaps/PANEL_72000C2055J.pdf
72000C1740H,1740,H,1113868800000,"Countywide, Panel Printed", ,http://Gis.jp.pr.gov/AdvisoryMaps/PANEL_72000C1740H.pdf
72000C1305J,1305,J,1258502400000,"Countywide, Panel Printed", ,http://Gis.jp.pr.gov/AdvisoryMaps/PANEL_72000C1305J.pdf
72000C1270J,1270,J,1258502400000,"Countywide, Panel Printed", ,http://Gis.jp.pr.gov/AdvisoryMaps/PANEL_72000C1270J.pdf
72000C1835J,1835,J,1258502400000,"Countywide, Panel Printed", ,http://Gis.jp.pr.gov/AdvisoryMaps/PANEL_72000C1835J.pdf
72000C0270J,0270,J,1258502400000,"Countywide, Panel Printed", ,http://Gis.jp.pr.gov/AdvisoryMaps/PANEL_72000C0270J.pdf
72000C0310J,0310,J,1258502400000,"Countywide, Panel Printed", ,http://Gis.jp.pr.gov/AdvisoryMaps/PANEL_72000C0310J.pdf
72000C0540J,0540,J,1258502400000,"Countywide, Panel Printed", ,http://Gis.jp.pr.gov/AdvisoryMaps/PANEL_72000C0540J.pdf
72000C1215J,1215,J,1258502400000,"Countywide, Panel Printed", ,http://Gis.jp.pr.gov/AdvisoryMaps/PANEL_72000C1215J.pdf
72000C1830J,1830,J,1258502400000,"Countywide, Panel Printed", ,http://Gis.jp.pr.gov/AdvisoryMaps/PANEL_72000C1830J.pdf
72000C1820J,1820,J,1258502400000,"Countywide, Panel Printed", ,http://Gis.jp.pr.gov/AdvisoryMaps/PANEL_72000C1820J.pdf
72000C0665J,0665,J,1258502400000,"Countywide, Panel Printed", ,http://Gis.jp.pr.gov/AdvisoryMaps/PANEL_72000C0665J.pdf
72000C0705J,0705,J,1258502400000,"Countywide, Panel Printed", ,http://Gis.jp.pr.gov/AdvisoryMaps/PANEL_72000C0705J.pdf
72000C1080H,1080,H,1113868800000,"Countywide, Panel Printed", ,http://Gis.jp.pr.gov/AdvisoryMaps/PANEL_72000C1080H.pdf
72000C0390J,0390,J,1258502400000,"Countywide, Panel Printed", ,http://Gis.jp.pr.gov/AdvisoryMaps/PANEL_72000C0390J.pdf
72000C1040H,1040,H,1113868800000,"Countywide, Panel Printed", ,http://Gis.jp.pr.gov/AdvisoryMaps/PANEL_72000C1040H.pdf
72000C0670J,0670,J,1258502400000,"Countywide, Panel Printed", ,http://Gis.jp.pr.gov/AdvisoryMaps/PANEL_72000C0670J.pdf
72000C1085H,1085,H,1113868800000,"Countywide, Panel Printed", ,http://Gis.jp.pr.gov/AdvisoryMaps/PANEL_72000C1085H.pdf
72000C0710H,0710,H,1113868800000,"Countywide, Panel Printed", ,http://Gis.jp.pr.gov/AdvisoryMaps/PANEL_72000C0710H.pdf
72000C0905J,0905,J,1258502400000,"Countywide, Panel Printed", ,http://Gis.jp.pr.gov/AdvisoryMaps/PANEL_72000C0905J.pdf
72000C0330J,0330,J,1258502400000,"Countywide, Panel Printed", ,http://Gis.jp.pr.gov/AdvisoryMaps/PANEL_72000C0330J.pdf
72000C0605H,0605,H,1113868800000,"Countywide, Panel Printed", ,http://Gis.jp.pr.gov/AdvisoryMaps/PANEL_72000C0605H.pdf
72000C0565H,0565,H,1113868800000,"Countywide, Panel Printed", ,http://Gis.jp.pr.gov/AdvisoryMaps/PANEL_72000C0565H.pdf
72000C0295H,0295,H,1113868800000,"Countywide, Panel Printed", ,http://Gis.jp.pr.gov/AdvisoryMaps/PANEL_72000C0295H.pdf
72000C0610H,0610,H,1113868800000,"Countywide, Panel Printed", ,http://Gis.jp.pr.gov/AdvisoryMaps/PANEL_72000C0610H.pdf
72000C0335J,0335,J,1258502400000,"Countywide, Panel Printed", ,http://Gis.jp.pr.gov/AdvisoryMaps/PANEL_72000C0335J.pdf
72000C1790H,1790,H,1113868800000,"Countywide, Panel Printed", ,http://Gis.jp.pr.gov/AdvisoryMaps/PANEL_72000C1790H.pdf
72000C0915J,0915,J,1258502400000,"Countywide, Panel Printed", ,http://Gis.jp.pr.gov/AdvisoryMaps/PANEL_72000C0915J.pdf
72000C2110J,2110,J,1258502400000,"Countywide, Panel Printed", ,http://Gis.jp.pr.gov/AdvisoryMaps/PANEL_72000C2110J.pdf
72000C1320J,1320,J,1258502400000,"Countywide, Panel Printed", ,http://Gis.jp.pr.gov/AdvisoryMaps/PANEL_72000C1320J.pdf
72000C1345J,1345,J,1258502400000,"Countywide, Panel Printed", ,http://Gis.jp.pr.gov/AdvisoryMaps/PANEL_72000C1345J.pdf
72000C2155J,2155,J,1258502400000,"Countywide, Panel Printed", ,http://Gis.jp.pr.gov/AdvisoryMaps/PANEL_72000C2155J.pdf
72000C0260J,0260,J,1258502400000,"Countywide, Panel Printed", ,http://Gis.jp.pr.gov/AdvisoryMaps/PANEL_72000C0260J.pdf
72000C0520J,0520,J,1258502400000,"Countywide, Panel Printed", ,http://Gis.jp.pr.gov/AdvisoryMaps/PANEL_72000C0520J.pdf
72000C1670J,1670,J,1258502400000,"Countywide, Panel Printed", ,http://Gis.jp.pr.gov/AdvisoryMaps/PANEL_72000C1670J.pdf
72000C1710H,1710,H,1113868800000,"Countywide, Panel Printed", ,http://Gis.jp.pr.gov/AdvisoryMaps/PANEL_72000C1710H.pdf
72000C1985J,1985,J,1258502400000,"Countywide, Panel Printed", ,http://Gis.jp.pr.gov/AdvisoryMaps/PANEL_72000C1985J.pdf
72000C1255J,1255,J,1258502400000,"Countywide, Panel Printed", ,http://Gis.jp.pr.gov/AdvisoryMaps/PANEL_72000C1255J.pdf
72000C2120J,2120,J,1258502400000,"Countywide, Panel Printed", ,http://Gis.jp.pr.gov/AdvisoryMaps/PANEL_72000C2120J.pdf
72000C1930J,1930,J,1258502400000,"Countywide, Panel Printed", ,http://Gis.jp.pr.gov/AdvisoryMaps/PANEL_72000C1930J.pdf
72000C1220J,1220,J,1258502400000,"Countywide, Panel Printed", ,http://Gis.jp.pr.gov/AdvisoryMaps/PANEL_72000C1220J.pdf
72000C1690H,1690,H,1113868800000,"Countywide, Panel Printed", ,http://Gis.jp.pr.gov/AdvisoryMaps/PANEL_72000C1690H.pdf
72000C0315J,0315,J,1258502400000,"Countywide, Panel Printed", ,http://Gis.jp.pr.gov/AdvisoryMaps/PANEL_72000C0315J.pdf
72000C0590H,0590,H,1113868800000,"Countywide, Panel Printed", ,http://Gis.jp.pr.gov/AdvisoryMaps/PANEL_72000C0590H.pdf
72000C1530J,1530,J,1258502400000,"Countywide, Panel Printed", ,http://Gis.jp.pr.gov/AdvisoryMaps/PANEL_72000C1530J.pdf
72000C0395J,0395,J,1258502400000,"Countywide, Panel Printed", ,http://Gis.jp.pr.gov/AdvisoryMaps/PANEL_72000C0395J.pdf
72000C0230J,0230,J,1258502400000,"Countywide, Panel Printed", ,http://Gis.jp.pr.gov/AdvisoryMaps/PANEL_72000C0230J.pdf
72000C0235J,0235,J,1258502400000,"Countywide, Panel Printed", ,http://Gis.jp.pr.gov/AdvisoryMaps/PANEL_72000C0235J.pdf
72000C0805J,0805,J,1258502400000,"Countywide, Panel Printed", ,http://Gis.jp.pr.gov/AdvisoryMaps/PANEL_72000C0805J.pdf
72000C1280J,1280,J,1258502400000,"Countywide, Panel Printed", ,http://Gis.jp.pr.gov/AdvisoryMaps/PANEL_72000C1280J.pdf
72000C0810J,0810,J,1258502400000,"Countywide, Panel Printed", ,http://Gis.jp.pr.gov/AdvisoryMaps/PANEL_72000C0810J.pdf
72000C0820J,0820,J,1258502400000,"Countywide, Panel Printed", ,http://Gis.jp.pr.gov/AdvisoryMaps/PANEL_72000C0820J.pdf
72000C2160J,2160,J,1258502400000,"Countywide, Panel Printed", ,http://Gis.jp.pr.gov/AdvisoryMaps/PANEL_72000C2160J.pdf
72000C1365J,1365,J,1258502400000,"Countywide, Panel Printed", ,http://Gis.jp.pr.gov/AdvisoryMaps/PANEL_72000C1365J.pdf
72000C1855J,1855,J,1258502400000,"Countywide, Panel Printed", ,http://Gis.jp.pr.gov/AdvisoryMaps/PANEL_72000C1855J.pdf
72000C2135J,2135,J,1258502400000,"Countywide, Panel Printed", ,http://Gis.jp.pr.gov/AdvisoryMaps/PANEL_72000C2135J.pdf
72000C2115J,2115,J,1258502400000,"Countywide, Panel Printed", ,http://Gis.jp.pr.gov/AdvisoryMaps/PANEL_72000C2115J.pdf
72000C1885J,1885,J,1258502400000,"Countywide, Panel Printed", ,http://Gis.jp.pr.gov/AdvisoryMaps/PANEL_72000C1885J.pdf
72000C1640J,1640,J,1258502400000,"Countywide, Panel Printed", ,http://Gis.jp.pr.gov/AdvisoryMaps/PANEL_72000C1640J.pdf
72000C1620J,1620,J,1258502400000,"Countywide, Panel Printed", ,http://Gis.jp.pr.gov/AdvisoryMaps/PANEL_72000C1620J.pdf
72000C0045J,0045,J,1258502400000,"Countywide, Panel Printed", ,http://Gis.jp.pr.gov/AdvisoryMaps/PANEL_72000C0045J.pdf
72000C0065J,0065,J,1258502400000,"Countywide, Panel Printed", ,http://Gis.jp.pr.gov/AdvisoryMaps/PANEL_72000C0065J.pdf
72000C1770H,1770,H,1113868800000,"Countywide, Panel Printed", ,http://Gis.jp.pr.gov/AdvisoryMaps/PANEL_72000C1770H.pdf
72000C2105J,2105,J,1258502400000,"Countywide, Panel Printed", ,http://Gis.jp.pr.gov/AdvisoryMaps/PANEL_72000C2105J.pdf
72000C0020J,0020,J,1258502400000,"Countywide, Panel Printed", ,http://Gis.jp.pr.gov/AdvisoryMaps/PANEL_72000C0020J.pdf
72000C0040J,0040,J,1258502400000,"Countywide, Panel Printed", ,http://Gis.jp.pr.gov/AdvisoryMaps/PANEL_72000C0040J.pdf
72000C0135J,0135,J,1258502400000,"Countywide, Panel Printed", ,http://Gis.jp.pr.gov/AdvisoryMaps/PANEL_72000C0135J.pdf
72000C0380J,0380,J,1258502400000,"Countywide, Panel Printed", ,http://Gis.jp.pr.gov/AdvisoryMaps/PANEL_72000C0380J.pdf
72000C1030H,1030,H,1113868800000,"Countywide, Panel Printed", ,http://Gis.jp.pr.gov/AdvisoryMaps/PANEL_72000C1030H.pdf
72000C0660H,0660,H,1113868800000,"Countywide, Panel Printed", ,http://Gis.jp.pr.gov/AdvisoryMaps/PANEL_72000C0660H.pdf
72000C0620H,0620,H,1113868800000,"Countywide, Panel Printed", ,http://Gis.jp.pr.gov/AdvisoryMaps/PANEL_72000C0620H.pdf
72000C0345J,0345,J,1258502400000,"Countywide, Panel Printed", ,http://Gis.jp.pr.gov/AdvisoryMaps/PANEL_72000C0345J.pdf
72000C0385J,0385,J,1258502400000,"Countywide, Panel Printed", ,http://Gis.jp.pr.gov/AdvisoryMaps/PANEL_72000C0385J.pdf
72000C0680H,0680,H,1113868800000,"Countywide, Panel Printed", ,http://Gis.jp.pr.gov/AdvisoryMaps/PANEL_72000C0680H.pdf
72000C0640H,0640,H,1113868800000,"Countywide, Panel Printed", ,http://Gis.jp.pr.gov/AdvisoryMaps/PANEL_72000C0640H.pdf
72000C0365J,0365,J,1258502400000,"Countywide, Panel Printed", ,http://Gis.jp.pr.gov/AdvisoryMaps/PANEL_72000C0365J.pdf
72000C1055H,1055,H,1113868800000,"Countywide, Panel Printed", ,http://Gis.jp.pr.gov/AdvisoryMaps/PANEL_72000C1055H.pdf
72000C0995J,0995,J,1258502400000,"Countywide, Panel Printed", ,http://Gis.jp.pr.gov/AdvisoryMaps/PANEL_72000C0995J.pdf
72000C0645H,0645,H,1113868800000,"Countywide, Panel Printed", ,http://Gis.jp.pr.gov/AdvisoryMaps/PANEL_72000C0645H.pdf
72000C0180J,0180,J,1258502400000,"Countywide, Panel Printed", ,http://Gis.jp.pr.gov/AdvisoryMaps/PANEL_72000C0180J.pdf
72000C0185J,0185,J,1258502400000,"Countywide, Panel Printed", ,http://Gis.jp.pr.gov/AdvisoryMaps/PANEL_72000C0185J.pdf
72000C0140J,0140,J,1258502400000,"Countywide, Panel Printed", ,http://Gis.jp.pr.gov/AdvisoryMaps/PANEL_72000C0140J.pdf
72000C0145J,0145,J,1258502400000,"Countywide, Panel Printed", ,http://Gis.jp.pr.gov/AdvisoryMaps/PANEL_72000C0145J.pdf
72000C0165J,0165,J,1258502400000,"Countywide, Panel Printed", ,http://Gis.jp.pr.gov/AdvisoryMaps/PANEL_72000C0165J.pdf
72000C0510H,0510,H,1113868800000,"Countywide, Panel Printed", ,http://Gis.jp.pr.gov/AdvisoryMaps/PANEL_72000C0510H.pdf
72000C0195H,0195,H,1113868800000,"Countywide, Panel Printed", ,http://Gis.jp.pr.gov/AdvisoryMaps/PANEL_72000C0195H.pdf
72000C0205J,0205,J,1258502400000,"Countywide, Panel Printed", ,http://Gis.jp.pr.gov/AdvisoryMaps/PANEL_72000C0205J.pdf
72000C0210J,0210,J,1258502400000,"Countywide, Panel Printed", ,http://Gis.jp.pr.gov/AdvisoryMaps/PANEL_72000C0210J.pdf
72000C0685H,0685,H,1113868800000,"Countywide, Panel Printed", ,http://Gis.jp.pr.gov/AdvisoryMaps/PANEL_72000C0685H.pdf
72000C1015J,1015,J,1258502400000,"Countywide, Panel Printed", ,http://Gis.jp.pr.gov/AdvisoryMaps/PANEL_72000C1015J.pdf
72000C1060H,1060,H,1113868800000,"Countywide, Panel Printed", ,http://Gis.jp.pr.gov/AdvisoryMaps/PANEL_72000C1060H.pdf
72000C0505J,0505,J,1258502400000,"Countywide, Panel Printed", ,http://Gis.jp.pr.gov/AdvisoryMaps/PANEL_72000C0505J.pdf
72000C0255J,0255,J,1258502400000,"Countywide, Panel Printed", ,http://Gis.jp.pr.gov/AdvisoryMaps/PANEL_72000C0255J.pdf
72000C0530J,0530,J,1258502400000,"Countywide, Panel Printed", ,http://Gis.jp.pr.gov/AdvisoryMaps/PANEL_72000C0530J.pdf
72000C0370J,0370,J,1258502400000,"Countywide, Panel Printed", ,http://Gis.jp.pr.gov/AdvisoryMaps/PANEL_72000C0370J.pdf
72000C0595H,0595,H,1113868800000,"Countywide, Panel Printed", ,http://Gis.jp.pr.gov/AdvisoryMaps/PANEL_72000C0595H.pdf
72000C0360J,0360,J,1258502400000,"Countywide, Panel Printed", ,http://Gis.jp.pr.gov/AdvisoryMaps/PANEL_72000C0360J.pdf
